{
  "description": "Faraday recovery over a prescribed FRC compression stroke (Slough 2011 regime; prescribed trajectory, not a self-consistent solve)",
  "recovery_spec": {
    "coupling_efficiency": 0.8,
    "load_resistance_ohm": 5.0,
    "turns": 20.0
  },
  "summary": {
    "peak_abs_back_emf_V": 255249.1965301076,
    "peak_recovered_power_W": 10424344372.68248,
    "recovered_energy_J": 37211.539093172374
  },
  "trajectory": {
    "compression_time_s": 1e-05,
    "final_field_T": 8.0,
    "final_radius_m": 0.04,
    "initial_field_T": 1.0,
    "initial_radius_m": 0.1,
    "steps": 1024
  },
  "waveform_sampled": {
    "back_emf_V": [
      -0.0,
      -54072.41893600233,
      -105632.11519680615,
      -152304.66105915693,
      -191983.35364367813,
      -222941.54853553034,
      -243920.8853161748,
      -254190.10532265366,
      -253571.23682230536,
      -242432.2034159645,
      -221647.2262131747,
      -192528.56627795307,
      -156735.03038651255,
      -116164.10432485837,
      -72835.48296491294,
      -28774.077090018032,
      14099.717834446801,
      54065.56998094798,
      89679.00932289938,
      119823.63454495123,
      143737.84180671154,
      161016.21086565263,
      171587.61234317016,
      175673.78238608915,
      173733.41870087187,
      166397.68891984888,
      154403.35285013384,
      138529.47312901003,
      119542.95776315317,
      98157.01811619221,
      75005.14717313327,
      50631.56078846027,
      25497.348411096253,
      3.287604007311362e-11
    ],
    "flux_Wb": [
      0.031415926535897934,
      0.0318271686099285,
      0.03304177070528899,
      0.03500341380198248,
      0.03762167650195024,
      0.040776968835952485,
      0.04432699333095543,
      0.04811432549028139,
      0.05197464089547215,
      0.05574508440219441,
      0.05927228019986989,
      0.06241951903601223,
      0.06507272732822582,
      0.06714491659469655,
      0.06857892321781577,
      0.06934836939386863,
      0.0694568970648757,
      0.06893583871703482,
      0.06784058408959419,
      0.06624597349744171,
      0.0642410920536907,
      0.06192385232929855,
      0.059395736106932016,
      0.056757021472543266,
      0.05410275427731639,
      0.051519639446973325,
      0.049083935323272064,
      0.04686034131177235,
      0.04490178352714498,
      0.04324993198876926,
      0.041936231928050335,
      0.04098320475454868,
      0.04040577284786975,
      0.04021238596594936
    ],
    "recovered_power_W": [
      0.0,
      467812238.33448696,
      1785303001.7522118,
      3711473564.8551474,
      5897217292.203773,
      7952469450.147237,
      9519583726.94824,
      10338017543.030682,
      10287739542.974987,
      9403739720.499134,
      7860398862.079079,
      5930759813.287066,
      3930539160.041762,
      2159055861.375453,
      848801212.5971397,
      132471601.9811681,
      31808326.88176275,
      467693737.17836535,
      1286771954.101868,
      2297232543.289925,
      3305690746.7601976,
      4148195225.84517,
      4710769393.540806,
      4937804450.853601,
      4829328123.758793,
      4430110540.458688,
      3814463259.4180694,
      3070466388.064178,
      2286483000.1220837,
      1541568032.8739977,
      900123536.3941412,
      410168791.6600877,
      104018364.15949322,
      1.729334417422356e-22
    ],
    "time_s": [
      0.0,
      3.030303030303031e-07,
      6.060606060606062e-07,
      9.090909090909093e-07,
      1.2121212121212124e-06,
      1.5151515151515155e-06,
      1.8181818181818185e-06,
      2.1212121212121216e-06,
      2.424242424242425e-06,
      2.7272727272727276e-06,
      3.030303030303031e-06,
      3.3333333333333337e-06,
      3.636363636363637e-06,
      3.93939393939394e-06,
      4.242424242424243e-06,
      4.545454545454546e-06,
      4.84848484848485e-06,
      5.151515151515152e-06,
      5.454545454545455e-06,
      5.7575757575757586e-06,
      6.060606060606062e-06,
      6.363636363636364e-06,
      6.6666666666666675e-06,
      6.969696969696971e-06,
      7.272727272727274e-06,
      7.575757575757577e-06,
      7.87878787878788e-06,
      8.181818181818183e-06,
      8.484848484848486e-06,
      8.78787878787879e-06,
      9.090909090909093e-06,
      9.393939393939396e-06,
      9.6969696969697e-06,
      1e-05
    ]
  }
}
